delay_id,shipment_id,duration_hours,reason,date
DLY-5000,SHP-1222,26.0,Customs,2026-08-07
DLY-5001,SHP-1466,12.8,Vehicle Breakdown,2026-07-10
DLY-5002,SHP-1037,60.7,Vehicle Breakdown,2026-06-27
DLY-5003,SHP-1144,6.5,Customs,2026-07-04
DLY-5004,SHP-1372,29.7,Traffic,2026-07-01
DLY-5005,SHP-1516,48.2,Vehicle Breakdown,2026-07-22
DLY-5006,SHP-1402,24.6,Customs,2026-07-05
DLY-5007,SHP-1045,45.1,Weather,2026-08-04
DLY-5008,SHP-1544,7.6,Customs,2026-07-11
DLY-5009,SHP-1350,32.5,Port Congestion,2026-06-05
DLY-5010,SHP-1442,18.4,Port Congestion,2026-08-01
DLY-5011,SHP-1356,10.5,Vehicle Breakdown,2026-07-17
DLY-5012,SHP-1418,30.4,Traffic,2026-07-21
DLY-5013,SHP-1260,3.8,Vehicle Breakdown,2026-06-21
DLY-5014,SHP-1311,44.9,Vehicle Breakdown,2026-07-11
DLY-5015,SHP-1316,22.7,Customs,2026-06-08
DLY-5016,SHP-1225,37.9,Traffic,2026-07-18
DLY-5017,SHP-1509,57.0,Traffic,2026-05-27
DLY-5018,SHP-1100,55.3,Traffic,2026-05-29
DLY-5019,SHP-1484,16.5,Weather,2026-05-13
DLY-5020,SHP-1411,71.9,Customs,2026-07-21
DLY-5021,SHP-1518,62.7,Customs,2026-06-30
DLY-5022,SHP-1429,11.7,Traffic,2026-07-05
DLY-5023,SHP-1383,33.2,Weather,2026-07-18
DLY-5024,SHP-1320,44.2,Vehicle Breakdown,2026-06-17
DLY-5025,SHP-1118,40.4,Customs,2026-06-30
DLY-5026,SHP-1426,67.6,Vehicle Breakdown,2026-05-14
DLY-5027,SHP-1495,37.2,Customs,2026-07-25
DLY-5028,SHP-1192,29.7,Traffic,2026-07-06
DLY-5029,SHP-1301,13.5,Port Congestion,2026-06-07
DLY-5030,SHP-1388,70.8,Customs,2026-06-08
DLY-5031,SHP-1079,3.7,Vehicle Breakdown,2026-08-05
DLY-5032,SHP-1194,63.0,Weather,2026-06-14
DLY-5033,SHP-1234,39.7,Customs,2026-07-12
DLY-5034,SHP-1095,7.9,Customs,2026-06-11
DLY-5035,SHP-1086,45.4,Traffic,2026-08-04
DLY-5036,SHP-1452,69.2,Port Congestion,2026-06-18
DLY-5037,SHP-1176,46.7,Vehicle Breakdown,2026-07-05
DLY-5038,SHP-1002,29.4,Traffic,2026-05-18
DLY-5039,SHP-1056,43.9,Vehicle Breakdown,2026-07-29
DLY-5040,SHP-1204,7.7,Weather,2026-07-10
DLY-5041,SHP-1196,6.5,Weather,2026-06-25
DLY-5042,SHP-1166,15.2,Customs,2026-07-05
DLY-5043,SHP-1048,49.0,Weather,2026-07-07
DLY-5044,SHP-1498,33.4,Vehicle Breakdown,2026-06-04
DLY-5045,SHP-1072,26.5,Vehicle Breakdown,2026-05-22
DLY-5046,SHP-1431,14.0,Port Congestion,2026-07-07
DLY-5047,SHP-1173,53.1,Vehicle Breakdown,2026-07-08
DLY-5048,SHP-1255,69.0,Customs,2026-05-13
DLY-5049,SHP-1505,15.2,Weather,2026-07-30
DLY-5050,SHP-1412,46.0,Customs,2026-07-10
DLY-5051,SHP-1376,38.3,Weather,2026-08-06
DLY-5052,SHP-1548,29.8,Traffic,2026-05-28
DLY-5053,SHP-1023,50.2,Customs,2026-06-13
DLY-5054,SHP-1424,62.6,Customs,2026-07-23
DLY-5055,SHP-1139,69.2,Traffic,2026-07-24
DLY-5056,SHP-1302,18.8,Customs,2026-05-27
DLY-5057,SHP-1049,63.4,Vehicle Breakdown,2026-05-21
DLY-5058,SHP-1299,63.8,Customs,2026-07-12
DLY-5059,SHP-1452,42.8,Vehicle Breakdown,2026-06-22
DLY-5060,SHP-1528,66.1,Traffic,2026-07-21
DLY-5061,SHP-1138,36.7,Port Congestion,2026-06-15
DLY-5062,SHP-1534,44.7,Customs,2026-07-14
DLY-5063,SHP-1248,15.2,Customs,2026-05-29
DLY-5064,SHP-1146,31.5,Traffic,2026-07-20
DLY-5065,SHP-1162,17.4,Traffic,2026-08-03
DLY-5066,SHP-1418,56.6,Traffic,2026-05-21
DLY-5067,SHP-1052,59.4,Traffic,2026-06-05
DLY-5068,SHP-1532,48.1,Customs,2026-05-24
DLY-5069,SHP-1381,46.7,Port Congestion,2026-07-08
DLY-5070,SHP-1336,15.1,Traffic,2026-06-17
DLY-5071,SHP-1093,41.9,Customs,2026-07-19
DLY-5072,SHP-1466,51.0,Vehicle Breakdown,2026-06-18
DLY-5073,SHP-1356,68.2,Weather,2026-07-12
DLY-5074,SHP-1464,41.7,Port Congestion,2026-06-18
DLY-5075,SHP-1298,23.9,Vehicle Breakdown,2026-07-06
DLY-5076,SHP-1099,65.3,Customs,2026-07-31
DLY-5077,SHP-1082,49.9,Port Congestion,2026-06-10
DLY-5078,SHP-1282,40.8,Customs,2026-07-31
DLY-5079,SHP-1461,69.9,Weather,2026-05-30
DLY-5080,SHP-1538,7.9,Customs,2026-06-05
DLY-5081,SHP-1540,61.7,Vehicle Breakdown,2026-07-01
DLY-5082,SHP-1324,8.3,Customs,2026-05-17
DLY-5083,SHP-1131,31.6,Vehicle Breakdown,2026-05-25
DLY-5084,SHP-1279,33.9,Vehicle Breakdown,2026-07-31
DLY-5085,SHP-1241,3.3,Vehicle Breakdown,2026-07-31
DLY-5086,SHP-1526,29.7,Vehicle Breakdown,2026-05-25
DLY-5087,SHP-1310,59.7,Customs,2026-06-14
DLY-5088,SHP-1240,19.5,Port Congestion,2026-08-02
DLY-5089,SHP-1300,30.8,Vehicle Breakdown,2026-05-26
DLY-5090,SHP-1005,35.5,Port Congestion,2026-06-27
DLY-5091,SHP-1162,65.6,Traffic,2026-06-21
DLY-5092,SHP-1546,43.3,Port Congestion,2026-06-11
DLY-5093,SHP-1300,29.9,Traffic,2026-06-03
DLY-5094,SHP-1262,66.9,Port Congestion,2026-06-27
DLY-5095,SHP-1524,32.2,Traffic,2026-07-03
DLY-5096,SHP-1247,14.8,Vehicle Breakdown,2026-07-08
DLY-5097,SHP-1486,39.0,Port Congestion,2026-05-17
DLY-5098,SHP-1527,22.4,Port Congestion,2026-06-21
DLY-5099,SHP-1388,67.3,Weather,2026-05-31
DLY-5100,SHP-1540,2.7,Vehicle Breakdown,2026-06-05
DLY-5101,SHP-1429,26.3,Weather,2026-05-19
DLY-5102,SHP-1468,64.0,Traffic,2026-06-14
DLY-5103,SHP-1497,47.7,Port Congestion,2026-07-03
DLY-5104,SHP-1261,29.3,Port Congestion,2026-07-10
DLY-5105,SHP-1529,65.6,Port Congestion,2026-05-29
DLY-5106,SHP-1105,60.4,Traffic,2026-07-02
DLY-5107,SHP-1070,64.2,Traffic,2026-08-01
DLY-5108,SHP-1264,51.8,Traffic,2026-07-27
DLY-5109,SHP-1344,45.0,Port Congestion,2026-05-25
DLY-5110,SHP-1319,20.4,Traffic,2026-05-13
DLY-5111,SHP-1149,25.5,Weather,2026-08-01
DLY-5112,SHP-1478,67.9,Port Congestion,2026-07-04
DLY-5113,SHP-1532,39.1,Customs,2026-07-23
DLY-5114,SHP-1134,32.3,Vehicle Breakdown,2026-05-20
DLY-5115,SHP-1250,63.4,Weather,2026-06-22
DLY-5116,SHP-1134,53.1,Customs,2026-07-09
DLY-5117,SHP-1011,41.4,Customs,2026-08-02
DLY-5118,SHP-1542,11.1,Port Congestion,2026-07-24
DLY-5119,SHP-1160,68.1,Customs,2026-07-11
DLY-5120,SHP-1546,5.5,Weather,2026-06-13
DLY-5121,SHP-1004,19.9,Port Congestion,2026-06-25
DLY-5122,SHP-1075,27.3,Port Congestion,2026-05-26
DLY-5123,SHP-1212,36.2,Vehicle Breakdown,2026-07-15
DLY-5124,SHP-1444,69.7,Weather,2026-06-30
DLY-5125,SHP-1178,45.1,Traffic,2026-06-24
DLY-5126,SHP-1345,1.3,Customs,2026-07-01
DLY-5127,SHP-1369,17.0,Vehicle Breakdown,2026-07-20
DLY-5128,SHP-1357,17.6,Customs,2026-08-07
DLY-5129,SHP-1028,40.3,Vehicle Breakdown,2026-08-05
DLY-5130,SHP-1420,2.1,Vehicle Breakdown,2026-08-08
DLY-5131,SHP-1257,50.2,Traffic,2026-08-06
DLY-5132,SHP-1072,27.0,Vehicle Breakdown,2026-05-24
DLY-5133,SHP-1281,13.1,Traffic,2026-07-24
DLY-5134,SHP-1501,48.3,Port Congestion,2026-06-08
DLY-5135,SHP-1367,8.1,Port Congestion,2026-06-28
DLY-5136,SHP-1465,71.4,Traffic,2026-08-07
DLY-5137,SHP-1193,57.6,Weather,2026-06-16
DLY-5138,SHP-1305,64.6,Customs,2026-07-11
DLY-5139,SHP-1496,52.1,Port Congestion,2026-07-19
DLY-5140,SHP-1072,21.4,Vehicle Breakdown,2026-06-26
DLY-5141,SHP-1088,37.1,Customs,2026-06-14
DLY-5142,SHP-1416,47.8,Vehicle Breakdown,2026-08-10
DLY-5143,SHP-1016,30.7,Traffic,2026-06-29
DLY-5144,SHP-1446,56.5,Customs,2026-08-10
DLY-5145,SHP-1411,36.4,Customs,2026-06-23
DLY-5146,SHP-1332,19.2,Customs,2026-06-26
DLY-5147,SHP-1496,15.4,Weather,2026-05-27
DLY-5148,SHP-1290,56.4,Weather,2026-07-24
DLY-5149,SHP-1183,28.3,Traffic,2026-08-07
DLY-5150,SHP-1457,68.9,Customs,2026-08-08
DLY-5151,SHP-1347,26.8,Traffic,2026-06-09
DLY-5152,SHP-1325,66.1,Customs,2026-08-10
DLY-5153,SHP-1391,19.8,Port Congestion,2026-05-16
DLY-5154,SHP-1542,63.9,Weather,2026-07-17
DLY-5155,SHP-1205,63.7,Vehicle Breakdown,2026-07-07
DLY-5156,SHP-1378,26.1,Weather,2026-05-25
DLY-5157,SHP-1451,25.7,Weather,2026-05-17
DLY-5158,SHP-1457,34.3,Customs,2026-08-09
DLY-5159,SHP-1451,43.1,Weather,2026-07-20
DLY-5160,SHP-1314,51.7,Vehicle Breakdown,2026-07-12
DLY-5161,SHP-1037,23.7,Vehicle Breakdown,2026-06-21
DLY-5162,SHP-1547,14.0,Port Congestion,2026-06-08
DLY-5163,SHP-1411,67.4,Port Congestion,2026-05-19
DLY-5164,SHP-1233,22.0,Traffic,2026-05-23
DLY-5165,SHP-1119,70.0,Traffic,2026-06-13
DLY-5166,SHP-1353,26.0,Customs,2026-06-13
DLY-5167,SHP-1352,25.5,Traffic,2026-08-08
DLY-5168,SHP-1365,4.9,Vehicle Breakdown,2026-05-20
DLY-5169,SHP-1311,20.5,Vehicle Breakdown,2026-06-27
DLY-5170,SHP-1344,39.1,Customs,2026-06-03
DLY-5171,SHP-1081,4.4,Weather,2026-05-21
DLY-5172,SHP-1407,11.2,Port Congestion,2026-08-05
DLY-5173,SHP-1358,30.4,Weather,2026-05-15
DLY-5174,SHP-1175,46.4,Customs,2026-06-26
DLY-5175,SHP-1412,37.2,Weather,2026-07-24
DLY-5176,SHP-1139,25.4,Customs,2026-07-21
DLY-5177,SHP-1477,40.0,Port Congestion,2026-08-04
DLY-5178,SHP-1040,36.3,Traffic,2026-07-27
DLY-5179,SHP-1512,41.5,Vehicle Breakdown,2026-07-23
DLY-5180,SHP-1461,20.5,Port Congestion,2026-07-29
DLY-5181,SHP-1020,49.4,Weather,2026-07-21
DLY-5182,SHP-1414,71.2,Port Congestion,2026-07-02
DLY-5183,SHP-1124,1.1,Weather,2026-08-04
DLY-5184,SHP-1086,18.8,Customs,2026-07-02
DLY-5185,SHP-1172,19.7,Port Congestion,2026-06-25
DLY-5186,SHP-1108,71.7,Traffic,2026-07-24
DLY-5187,SHP-1442,9.4,Vehicle Breakdown,2026-06-13
DLY-5188,SHP-1400,70.0,Customs,2026-07-07
DLY-5189,SHP-1053,4.7,Port Congestion,2026-07-11
DLY-5190,SHP-1269,42.9,Customs,2026-07-29
DLY-5191,SHP-1095,47.8,Weather,2026-08-01
DLY-5192,SHP-1113,61.0,Port Congestion,2026-07-01
DLY-5193,SHP-1545,24.2,Traffic,2026-07-28
DLY-5194,SHP-1034,28.7,Weather,2026-05-14
DLY-5195,SHP-1167,53.6,Port Congestion,2026-05-20
DLY-5196,SHP-1123,12.9,Vehicle Breakdown,2026-05-17
DLY-5197,SHP-1450,48.4,Weather,2026-06-07
DLY-5198,SHP-1460,71.0,Weather,2026-06-18
DLY-5199,SHP-1203,17.4,Traffic,2026-07-03
DLY-5200,SHP-1353,13.3,Port Congestion,2026-08-10
DLY-5201,SHP-1420,33.1,Traffic,2026-05-22
DLY-5202,SHP-1111,28.8,Port Congestion,2026-07-16
DLY-5203,SHP-1285,37.6,Vehicle Breakdown,2026-06-16
DLY-5204,SHP-1399,53.1,Traffic,2026-07-05
DLY-5205,SHP-1319,70.8,Customs,2026-07-18
DLY-5206,SHP-1508,29.8,Weather,2026-08-04
DLY-5207,SHP-1466,21.8,Port Congestion,2026-07-15
DLY-5208,SHP-1549,42.5,Vehicle Breakdown,2026-05-29
DLY-5209,SHP-1454,19.6,Port Congestion,2026-06-26
DLY-5210,SHP-1367,10.2,Customs,2026-07-04
DLY-5211,SHP-1146,63.2,Port Congestion,2026-07-29
DLY-5212,SHP-1302,7.0,Traffic,2026-07-30
DLY-5213,SHP-1322,35.1,Weather,2026-08-06
DLY-5214,SHP-1437,35.0,Customs,2026-07-02
DLY-5215,SHP-1280,10.2,Weather,2026-05-15
DLY-5216,SHP-1448,7.0,Port Congestion,2026-08-07
DLY-5217,SHP-1048,39.7,Customs,2026-05-30
DLY-5218,SHP-1037,15.7,Weather,2026-07-03
DLY-5219,SHP-1064,67.2,Customs,2026-05-14
DLY-5220,SHP-1086,65.0,Vehicle Breakdown,2026-05-28
DLY-5221,SHP-1545,25.3,Vehicle Breakdown,2026-05-23
DLY-5222,SHP-1422,57.3,Customs,2026-06-12
DLY-5223,SHP-1519,13.3,Vehicle Breakdown,2026-07-16
DLY-5224,SHP-1368,30.2,Customs,2026-07-07
DLY-5225,SHP-1547,70.9,Customs,2026-06-11
DLY-5226,SHP-1262,56.9,Customs,2026-07-09
DLY-5227,SHP-1336,57.2,Traffic,2026-07-21
DLY-5228,SHP-1338,26.4,Port Congestion,2026-06-29
DLY-5229,SHP-1002,22.2,Weather,2026-05-29
DLY-5230,SHP-1040,66.0,Weather,2026-06-08
DLY-5231,SHP-1161,63.8,Traffic,2026-05-17
DLY-5232,SHP-1509,35.9,Customs,2026-06-23
DLY-5233,SHP-1160,67.8,Vehicle Breakdown,2026-06-25
DLY-5234,SHP-1296,35.5,Weather,2026-06-08
DLY-5235,SHP-1329,63.5,Vehicle Breakdown,2026-05-26
DLY-5236,SHP-1279,9.6,Port Congestion,2026-06-29
DLY-5237,SHP-1050,6.7,Customs,2026-07-04
DLY-5238,SHP-1226,15.1,Traffic,2026-06-10
DLY-5239,SHP-1116,25.2,Weather,2026-05-16
DLY-5240,SHP-1283,15.1,Vehicle Breakdown,2026-06-08
DLY-5241,SHP-1041,70.0,Port Congestion,2026-07-30
DLY-5242,SHP-1432,30.8,Customs,2026-08-06
DLY-5243,SHP-1474,26.8,Port Congestion,2026-08-04
DLY-5244,SHP-1092,11.6,Weather,2026-06-25
DLY-5245,SHP-1148,71.7,Port Congestion,2026-05-13
DLY-5246,SHP-1207,4.4,Vehicle Breakdown,2026-06-09
DLY-5247,SHP-1540,56.5,Customs,2026-07-11
DLY-5248,SHP-1124,59.9,Vehicle Breakdown,2026-08-06
DLY-5249,SHP-1154,3.2,Customs,2026-06-13
DLY-5250,SHP-1040,57.2,Weather,2026-07-02
DLY-5251,SHP-1400,51.4,Port Congestion,2026-06-01
DLY-5252,SHP-1380,61.4,Weather,2026-08-09
DLY-5253,SHP-1414,42.4,Customs,2026-06-28
DLY-5254,SHP-1123,61.5,Port Congestion,2026-06-04
DLY-5255,SHP-1154,54.3,Vehicle Breakdown,2026-05-23
DLY-5256,SHP-1473,67.6,Port Congestion,2026-07-19
DLY-5257,SHP-1364,15.0,Weather,2026-08-05
DLY-5258,SHP-1482,5.5,Weather,2026-05-13
DLY-5259,SHP-1117,7.9,Port Congestion,2026-06-13
DLY-5260,SHP-1003,70.1,Vehicle Breakdown,2026-07-07
DLY-5261,SHP-1334,46.1,Weather,2026-07-28
DLY-5262,SHP-1542,57.8,Weather,2026-05-27
DLY-5263,SHP-1084,30.0,Port Congestion,2026-08-06
DLY-5264,SHP-1323,30.9,Weather,2026-05-16
DLY-5265,SHP-1366,43.7,Traffic,2026-05-23
DLY-5266,SHP-1058,59.6,Customs,2026-05-28
DLY-5267,SHP-1466,43.3,Port Congestion,2026-06-12
DLY-5268,SHP-1471,24.4,Port Congestion,2026-08-02
DLY-5269,SHP-1209,70.0,Customs,2026-07-07
DLY-5270,SHP-1045,19.3,Vehicle Breakdown,2026-06-03
DLY-5271,SHP-1009,71.5,Weather,2026-06-30
DLY-5272,SHP-1459,31.6,Port Congestion,2026-05-17
DLY-5273,SHP-1064,26.8,Traffic,2026-06-21
DLY-5274,SHP-1223,64.6,Weather,2026-06-12
DLY-5275,SHP-1474,55.3,Port Congestion,2026-06-05
DLY-5276,SHP-1273,11.7,Weather,2026-06-20
DLY-5277,SHP-1393,8.8,Vehicle Breakdown,2026-06-27
DLY-5278,SHP-1014,50.8,Weather,2026-06-28
DLY-5279,SHP-1067,2.3,Weather,2026-06-21
DLY-5280,SHP-1096,2.9,Port Congestion,2026-07-08
DLY-5281,SHP-1209,10.7,Vehicle Breakdown,2026-05-18
DLY-5282,SHP-1497,35.8,Customs,2026-05-28
DLY-5283,SHP-1509,67.8,Weather,2026-07-10
DLY-5284,SHP-1491,20.4,Vehicle Breakdown,2026-07-13
DLY-5285,SHP-1427,1.8,Vehicle Breakdown,2026-06-11
DLY-5286,SHP-1457,2.0,Customs,2026-07-06
DLY-5287,SHP-1442,26.2,Port Congestion,2026-06-18
DLY-5288,SHP-1288,5.0,Port Congestion,2026-05-28
DLY-5289,SHP-1193,28.3,Port Congestion,2026-08-09
DLY-5290,SHP-1052,29.0,Vehicle Breakdown,2026-07-24
DLY-5291,SHP-1459,47.9,Vehicle Breakdown,2026-05-19
DLY-5292,SHP-1480,40.5,Weather,2026-07-31
DLY-5293,SHP-1338,24.4,Vehicle Breakdown,2026-06-15
DLY-5294,SHP-1462,63.8,Port Congestion,2026-07-04
DLY-5295,SHP-1495,28.3,Port Congestion,2026-05-21
DLY-5296,SHP-1443,64.4,Port Congestion,2026-05-21
DLY-5297,SHP-1303,51.4,Traffic,2026-07-17
DLY-5298,SHP-1204,8.9,Traffic,2026-05-13
DLY-5299,SHP-1301,63.5,Vehicle Breakdown,2026-05-23
DLY-5300,SHP-1259,62.2,Customs,2026-05-14
DLY-5301,SHP-1175,54.2,Traffic,2026-07-03
DLY-5302,SHP-1477,1.6,Customs,2026-06-13
DLY-5303,SHP-1290,34.1,Vehicle Breakdown,2026-05-18
DLY-5304,SHP-1424,14.5,Traffic,2026-07-09
DLY-5305,SHP-1511,1.8,Vehicle Breakdown,2026-06-30
DLY-5306,SHP-1298,31.7,Traffic,2026-07-02
DLY-5307,SHP-1202,60.3,Vehicle Breakdown,2026-07-07
DLY-5308,SHP-1134,70.3,Vehicle Breakdown,2026-06-04
DLY-5309,SHP-1418,67.8,Customs,2026-08-07
DLY-5310,SHP-1207,63.1,Vehicle Breakdown,2026-06-11
DLY-5311,SHP-1545,7.6,Customs,2026-08-04
DLY-5312,SHP-1469,1.8,Port Congestion,2026-06-03
DLY-5313,SHP-1203,10.7,Customs,2026-05-17
DLY-5314,SHP-1406,31.6,Customs,2026-07-05
DLY-5315,SHP-1004,27.3,Port Congestion,2026-06-18
DLY-5316,SHP-1517,26.2,Port Congestion,2026-07-05
DLY-5317,SHP-1256,2.6,Customs,2026-06-17
DLY-5318,SHP-1544,44.7,Vehicle Breakdown,2026-07-12
DLY-5319,SHP-1224,54.4,Customs,2026-06-18
DLY-5320,SHP-1249,57.6,Weather,2026-07-08
DLY-5321,SHP-1015,65.9,Customs,2026-06-16
DLY-5322,SHP-1390,12.9,Vehicle Breakdown,2026-06-11
DLY-5323,SHP-1283,18.3,Weather,2026-07-14
DLY-5324,SHP-1186,61.4,Traffic,2026-07-22
DLY-5325,SHP-1516,17.7,Vehicle Breakdown,2026-06-21
DLY-5326,SHP-1220,20.7,Vehicle Breakdown,2026-07-13
DLY-5327,SHP-1152,39.0,Weather,2026-08-10
DLY-5328,SHP-1477,31.1,Traffic,2026-05-26
DLY-5329,SHP-1546,7.8,Weather,2026-06-17
DLY-5330,SHP-1012,58.8,Customs,2026-07-05
DLY-5331,SHP-1243,41.5,Vehicle Breakdown,2026-08-04
DLY-5332,SHP-1252,69.3,Port Congestion,2026-07-23
DLY-5333,SHP-1299,38.6,Weather,2026-07-10
DLY-5334,SHP-1018,2.5,Traffic,2026-07-26
DLY-5335,SHP-1035,59.6,Customs,2026-08-07
DLY-5336,SHP-1265,48.5,Customs,2026-06-03
DLY-5337,SHP-1502,38.4,Customs,2026-06-18
DLY-5338,SHP-1201,56.8,Traffic,2026-07-30
DLY-5339,SHP-1277,39.2,Vehicle Breakdown,2026-06-21
DLY-5340,SHP-1045,41.5,Port Congestion,2026-05-30
DLY-5341,SHP-1512,3.3,Vehicle Breakdown,2026-08-03
DLY-5342,SHP-1404,65.8,Port Congestion,2026-08-06
DLY-5343,SHP-1038,53.7,Weather,2026-06-27
DLY-5344,SHP-1185,32.1,Weather,2026-05-27
DLY-5345,SHP-1382,51.6,Weather,2026-07-24
DLY-5346,SHP-1124,49.6,Vehicle Breakdown,2026-08-09
DLY-5347,SHP-1370,9.0,Weather,2026-07-19
DLY-5348,SHP-1136,61.3,Vehicle Breakdown,2026-05-27
DLY-5349,SHP-1482,27.8,Customs,2026-06-30
DLY-5350,SHP-1215,47.0,Weather,2026-06-06
DLY-5351,SHP-1281,53.3,Vehicle Breakdown,2026-06-23
DLY-5352,SHP-1280,13.3,Traffic,2026-05-24
DLY-5353,SHP-1425,45.5,Weather,2026-07-04
DLY-5354,SHP-1173,7.1,Traffic,2026-06-27
DLY-5355,SHP-1443,66.0,Traffic,2026-06-09
DLY-5356,SHP-1275,17.9,Traffic,2026-05-16
DLY-5357,SHP-1479,47.1,Weather,2026-06-18
DLY-5358,SHP-1138,8.6,Customs,2026-07-13
DLY-5359,SHP-1424,47.0,Traffic,2026-06-18
DLY-5360,SHP-1369,40.1,Port Congestion,2026-07-14
DLY-5361,SHP-1127,32.1,Vehicle Breakdown,2026-05-26
DLY-5362,SHP-1229,64.8,Traffic,2026-06-03
DLY-5363,SHP-1014,25.2,Vehicle Breakdown,2026-06-07
DLY-5364,SHP-1004,3.2,Traffic,2026-07-06
DLY-5365,SHP-1285,21.6,Vehicle Breakdown,2026-05-27
DLY-5366,SHP-1458,55.5,Vehicle Breakdown,2026-05-21
DLY-5367,SHP-1379,14.0,Vehicle Breakdown,2026-05-24
DLY-5368,SHP-1382,44.1,Vehicle Breakdown,2026-08-05
DLY-5369,SHP-1025,18.8,Traffic,2026-05-23
DLY-5370,SHP-1352,34.9,Port Congestion,2026-06-19
DLY-5371,SHP-1013,43.9,Customs,2026-06-01
DLY-5372,SHP-1439,4.4,Port Congestion,2026-05-18
DLY-5373,SHP-1188,58.7,Customs,2026-07-15
DLY-5374,SHP-1057,63.7,Vehicle Breakdown,2026-07-10
DLY-5375,SHP-1062,55.5,Vehicle Breakdown,2026-07-06
DLY-5376,SHP-1323,47.7,Port Congestion,2026-06-11
DLY-5377,SHP-1107,66.4,Port Congestion,2026-06-30
DLY-5378,SHP-1167,50.1,Traffic,2026-06-01
DLY-5379,SHP-1440,28.1,Traffic,2026-07-31
DLY-5380,SHP-1181,30.6,Traffic,2026-06-30
DLY-5381,SHP-1118,36.8,Weather,2026-06-01
DLY-5382,SHP-1516,54.2,Port Congestion,2026-06-30
DLY-5383,SHP-1032,25.7,Weather,2026-06-16
DLY-5384,SHP-1190,33.5,Vehicle Breakdown,2026-06-02
DLY-5385,SHP-1548,32.8,Customs,2026-07-24
DLY-5386,SHP-1120,25.4,Port Congestion,2026-06-04
DLY-5387,SHP-1304,66.6,Traffic,2026-07-20
DLY-5388,SHP-1319,5.8,Vehicle Breakdown,2026-06-24
DLY-5389,SHP-1154,65.0,Weather,2026-05-14
DLY-5390,SHP-1034,42.6,Weather,2026-05-21
DLY-5391,SHP-1493,55.6,Traffic,2026-07-23
DLY-5392,SHP-1064,61.3,Vehicle Breakdown,2026-06-26
DLY-5393,SHP-1440,63.7,Customs,2026-07-31
DLY-5394,SHP-1530,15.9,Vehicle Breakdown,2026-08-10
DLY-5395,SHP-1203,22.7,Vehicle Breakdown,2026-06-20
DLY-5396,SHP-1525,65.6,Customs,2026-06-05
DLY-5397,SHP-1407,45.5,Weather,2026-05-14
DLY-5398,SHP-1526,32.1,Customs,2026-05-22
DLY-5399,SHP-1184,15.0,Weather,2026-05-14
DLY-5400,SHP-1310,54.3,Vehicle Breakdown,2026-06-02
DLY-5401,SHP-1275,24.8,Weather,2026-06-09
DLY-5402,SHP-1249,49.6,Vehicle Breakdown,2026-05-15
DLY-5403,SHP-1540,47.7,Customs,2026-07-10
DLY-5404,SHP-1071,5.1,Weather,2026-05-25
DLY-5405,SHP-1165,9.6,Vehicle Breakdown,2026-06-05
DLY-5406,SHP-1375,15.0,Traffic,2026-06-11
DLY-5407,SHP-1068,23.3,Port Congestion,2026-08-07
DLY-5408,SHP-1034,49.9,Customs,2026-08-09
DLY-5409,SHP-1127,38.0,Traffic,2026-06-06
DLY-5410,SHP-1155,67.5,Customs,2026-05-28
DLY-5411,SHP-1492,60.9,Port Congestion,2026-05-25
DLY-5412,SHP-1096,55.6,Vehicle Breakdown,2026-06-21
DLY-5413,SHP-1404,25.7,Port Congestion,2026-05-27
DLY-5414,SHP-1157,62.1,Vehicle Breakdown,2026-05-15
DLY-5415,SHP-1508,38.7,Customs,2026-05-19
DLY-5416,SHP-1038,3.4,Vehicle Breakdown,2026-06-14
DLY-5417,SHP-1001,57.8,Traffic,2026-07-21
DLY-5418,SHP-1140,71.9,Customs,2026-07-30
DLY-5419,SHP-1361,65.9,Port Congestion,2026-05-25
DLY-5420,SHP-1533,33.7,Weather,2026-06-14
DLY-5421,SHP-1211,4.3,Weather,2026-08-10
DLY-5422,SHP-1269,35.9,Customs,2026-05-15
DLY-5423,SHP-1253,7.9,Weather,2026-05-21
DLY-5424,SHP-1541,34.5,Vehicle Breakdown,2026-06-24
DLY-5425,SHP-1307,41.4,Weather,2026-06-26
DLY-5426,SHP-1287,2.1,Vehicle Breakdown,2026-06-05
DLY-5427,SHP-1343,65.3,Vehicle Breakdown,2026-05-19
DLY-5428,SHP-1008,34.6,Port Congestion,2026-06-29
DLY-5429,SHP-1337,25.0,Vehicle Breakdown,2026-07-02
DLY-5430,SHP-1097,11.6,Traffic,2026-06-09
DLY-5431,SHP-1465,25.9,Customs,2026-05-26
DLY-5432,SHP-1531,58.0,Vehicle Breakdown,2026-06-26
DLY-5433,SHP-1545,7.5,Customs,2026-08-02
DLY-5434,SHP-1372,13.3,Weather,2026-06-20
DLY-5435,SHP-1403,33.7,Weather,2026-06-08
DLY-5436,SHP-1444,63.9,Port Congestion,2026-07-11
DLY-5437,SHP-1232,11.0,Traffic,2026-06-19
DLY-5438,SHP-1061,22.9,Port Congestion,2026-05-31
DLY-5439,SHP-1344,16.8,Vehicle Breakdown,2026-05-16
DLY-5440,SHP-1242,21.9,Weather,2026-07-23
DLY-5441,SHP-1483,34.2,Port Congestion,2026-07-24
DLY-5442,SHP-1134,29.4,Port Congestion,2026-07-03
DLY-5443,SHP-1251,33.0,Customs,2026-06-21
DLY-5444,SHP-1163,30.7,Vehicle Breakdown,2026-06-11
DLY-5445,SHP-1548,47.5,Port Congestion,2026-06-12
DLY-5446,SHP-1369,18.2,Port Congestion,2026-05-28
DLY-5447,SHP-1411,49.8,Customs,2026-07-15
DLY-5448,SHP-1160,22.5,Customs,2026-06-09
DLY-5449,SHP-1498,66.6,Port Congestion,2026-05-22
DLY-5450,SHP-1468,37.9,Vehicle Breakdown,2026-07-30
DLY-5451,SHP-1311,3.5,Vehicle Breakdown,2026-07-04
DLY-5452,SHP-1237,11.8,Weather,2026-05-27
DLY-5453,SHP-1479,27.8,Traffic,2026-06-27
DLY-5454,SHP-1074,25.9,Customs,2026-06-15
DLY-5455,SHP-1075,16.0,Traffic,2026-07-27
DLY-5456,SHP-1429,37.2,Port Congestion,2026-07-16
DLY-5457,SHP-1161,5.5,Weather,2026-06-01
DLY-5458,SHP-1269,12.4,Weather,2026-07-26
DLY-5459,SHP-1303,62.6,Customs,2026-08-06
DLY-5460,SHP-1462,56.8,Weather,2026-06-06
DLY-5461,SHP-1234,27.0,Customs,2026-05-31
DLY-5462,SHP-1537,46.3,Traffic,2026-06-21
DLY-5463,SHP-1218,21.7,Weather,2026-06-27
DLY-5464,SHP-1228,42.2,Weather,2026-07-05
DLY-5465,SHP-1189,41.1,Traffic,2026-08-04
DLY-5466,SHP-1318,6.9,Vehicle Breakdown,2026-07-08
DLY-5467,SHP-1411,10.3,Weather,2026-07-26
DLY-5468,SHP-1196,8.4,Vehicle Breakdown,2026-05-31
DLY-5469,SHP-1437,21.9,Customs,2026-06-09
DLY-5470,SHP-1238,24.4,Traffic,2026-06-14
DLY-5471,SHP-1139,25.4,Customs,2026-05-19
DLY-5472,SHP-1044,29.3,Port Congestion,2026-05-21
DLY-5473,SHP-1179,9.5,Vehicle Breakdown,2026-07-26
DLY-5474,SHP-1282,34.2,Customs,2026-07-29
DLY-5475,SHP-1009,61.9,Port Congestion,2026-06-18
DLY-5476,SHP-1493,43.7,Vehicle Breakdown,2026-08-02
DLY-5477,SHP-1334,12.6,Weather,2026-06-23
DLY-5478,SHP-1332,38.4,Customs,2026-06-16
DLY-5479,SHP-1044,5.7,Port Congestion,2026-06-21
DLY-5480,SHP-1485,18.2,Traffic,2026-08-09
DLY-5481,SHP-1298,39.0,Port Congestion,2026-06-11
DLY-5482,SHP-1176,65.6,Port Congestion,2026-06-06
DLY-5483,SHP-1267,46.2,Traffic,2026-08-01
DLY-5484,SHP-1276,15.8,Port Congestion,2026-07-15
DLY-5485,SHP-1074,22.4,Vehicle Breakdown,2026-06-12
DLY-5486,SHP-1050,29.0,Weather,2026-06-13
DLY-5487,SHP-1303,24.9,Vehicle Breakdown,2026-07-07
DLY-5488,SHP-1452,66.7,Weather,2026-07-16
DLY-5489,SHP-1083,15.4,Vehicle Breakdown,2026-07-10
DLY-5490,SHP-1204,20.6,Vehicle Breakdown,2026-05-16
DLY-5491,SHP-1107,41.4,Customs,2026-05-18
DLY-5492,SHP-1395,13.4,Vehicle Breakdown,2026-08-02
DLY-5493,SHP-1514,12.7,Traffic,2026-07-12
DLY-5494,SHP-1277,46.2,Customs,2026-07-16
DLY-5495,SHP-1411,15.1,Port Congestion,2026-08-07
DLY-5496,SHP-1043,68.0,Weather,2026-07-20
DLY-5497,SHP-1402,21.0,Port Congestion,2026-08-09
DLY-5498,SHP-1350,63.5,Port Congestion,2026-06-11
DLY-5499,SHP-1446,40.2,Customs,2026-06-10
DLY-5500,SHP-1216,5.9,Port Congestion,2026-06-23
DLY-5501,SHP-1171,46.9,Customs,2026-07-23
DLY-5502,SHP-1315,46.8,Customs,2026-07-30
DLY-5503,SHP-1123,23.9,Traffic,2026-06-20
DLY-5504,SHP-1274,19.1,Port Congestion,2026-07-22
DLY-5505,SHP-1484,64.4,Traffic,2026-06-17
DLY-5506,SHP-1234,24.4,Traffic,2026-07-24
DLY-5507,SHP-1192,40.8,Traffic,2026-05-16
DLY-5508,SHP-1223,62.9,Port Congestion,2026-07-09
DLY-5509,SHP-1193,2.2,Port Congestion,2026-08-10
DLY-5510,SHP-1270,48.9,Port Congestion,2026-07-06
DLY-5511,SHP-1210,27.5,Customs,2026-05-25
DLY-5512,SHP-1202,42.2,Traffic,2026-07-10
DLY-5513,SHP-1367,9.2,Port Congestion,2026-07-08
DLY-5514,SHP-1368,47.1,Weather,2026-08-08
DLY-5515,SHP-1118,42.9,Vehicle Breakdown,2026-05-18
DLY-5516,SHP-1240,56.6,Vehicle Breakdown,2026-06-03
DLY-5517,SHP-1107,53.6,Vehicle Breakdown,2026-07-03
DLY-5518,SHP-1325,23.9,Customs,2026-08-08
DLY-5519,SHP-1454,63.2,Weather,2026-06-04
DLY-5520,SHP-1406,62.4,Traffic,2026-08-01
DLY-5521,SHP-1485,24.5,Weather,2026-06-13
DLY-5522,SHP-1090,32.0,Port Congestion,2026-07-30
DLY-5523,SHP-1049,33.6,Vehicle Breakdown,2026-06-02
DLY-5524,SHP-1238,58.0,Traffic,2026-06-23
DLY-5525,SHP-1050,49.2,Customs,2026-08-03
DLY-5526,SHP-1159,18.0,Vehicle Breakdown,2026-05-16
DLY-5527,SHP-1449,21.6,Customs,2026-06-30
DLY-5528,SHP-1456,5.2,Vehicle Breakdown,2026-06-06
DLY-5529,SHP-1237,64.1,Port Congestion,2026-06-25
DLY-5530,SHP-1310,51.3,Weather,2026-06-16
DLY-5531,SHP-1382,7.3,Weather,2026-07-20
DLY-5532,SHP-1461,66.4,Port Congestion,2026-06-19
DLY-5533,SHP-1278,51.2,Weather,2026-05-22
DLY-5534,SHP-1185,31.9,Vehicle Breakdown,2026-05-31
DLY-5535,SHP-1451,18.3,Customs,2026-06-29
DLY-5536,SHP-1399,38.4,Port Congestion,2026-05-18
DLY-5537,SHP-1380,59.2,Port Congestion,2026-07-06
DLY-5538,SHP-1334,8.2,Port Congestion,2026-07-06
DLY-5539,SHP-1350,39.2,Customs,2026-07-04
DLY-5540,SHP-1088,60.0,Port Congestion,2026-06-15
DLY-5541,SHP-1121,69.8,Vehicle Breakdown,2026-07-24
DLY-5542,SHP-1078,47.4,Vehicle Breakdown,2026-07-24
DLY-5543,SHP-1043,61.9,Port Congestion,2026-06-28
DLY-5544,SHP-1250,29.1,Port Congestion,2026-07-13
DLY-5545,SHP-1407,17.1,Vehicle Breakdown,2026-08-10
DLY-5546,SHP-1337,60.6,Port Congestion,2026-05-17
DLY-5547,SHP-1178,8.9,Port Congestion,2026-05-31
DLY-5548,SHP-1294,9.3,Traffic,2026-08-05
DLY-5549,SHP-1419,71.2,Traffic,2026-05-29
DLY-5550,SHP-1314,66.3,Port Congestion,2026-06-03
DLY-5551,SHP-1353,42.9,Weather,2026-07-12
DLY-5552,SHP-1392,45.3,Port Congestion,2026-05-23
DLY-5553,SHP-1313,52.8,Weather,2026-07-09
DLY-5554,SHP-1290,60.9,Weather,2026-06-10
DLY-5555,SHP-1209,47.4,Traffic,2026-07-24
DLY-5556,SHP-1354,25.6,Port Congestion,2026-06-29
DLY-5557,SHP-1100,69.9,Traffic,2026-07-08
DLY-5558,SHP-1313,22.3,Traffic,2026-05-27
DLY-5559,SHP-1380,55.0,Customs,2026-07-13
DLY-5560,SHP-1433,22.8,Customs,2026-07-22
DLY-5561,SHP-1146,62.8,Port Congestion,2026-08-01
DLY-5562,SHP-1390,9.8,Traffic,2026-06-25
DLY-5563,SHP-1047,43.1,Weather,2026-06-06
DLY-5564,SHP-1352,18.5,Weather,2026-06-30
DLY-5565,SHP-1334,66.2,Weather,2026-06-16
DLY-5566,SHP-1536,33.3,Traffic,2026-05-13
DLY-5567,SHP-1012,24.9,Customs,2026-07-04
DLY-5568,SHP-1412,4.3,Weather,2026-07-10
DLY-5569,SHP-1526,59.7,Weather,2026-06-09
DLY-5570,SHP-1113,14.5,Port Congestion,2026-07-13
DLY-5571,SHP-1472,29.9,Port Congestion,2026-05-28
DLY-5572,SHP-1064,41.1,Vehicle Breakdown,2026-06-05
DLY-5573,SHP-1185,7.3,Vehicle Breakdown,2026-06-01
DLY-5574,SHP-1485,14.7,Vehicle Breakdown,2026-07-29
DLY-5575,SHP-1286,17.1,Port Congestion,2026-06-25
DLY-5576,SHP-1261,65.4,Vehicle Breakdown,2026-06-20
DLY-5577,SHP-1366,9.9,Weather,2026-06-23
DLY-5578,SHP-1302,18.8,Port Congestion,2026-05-15
DLY-5579,SHP-1444,48.1,Traffic,2026-08-05
DLY-5580,SHP-1136,51.3,Traffic,2026-06-16
DLY-5581,SHP-1516,50.1,Vehicle Breakdown,2026-05-21
DLY-5582,SHP-1172,17.7,Port Congestion,2026-05-31
DLY-5583,SHP-1523,71.8,Port Congestion,2026-07-09
DLY-5584,SHP-1321,15.7,Customs,2026-07-30
DLY-5585,SHP-1369,29.4,Port Congestion,2026-07-20
DLY-5586,SHP-1215,28.2,Weather,2026-08-02
DLY-5587,SHP-1443,41.6,Customs,2026-06-01
DLY-5588,SHP-1121,48.4,Weather,2026-05-16
DLY-5589,SHP-1234,6.3,Customs,2026-07-06
DLY-5590,SHP-1180,58.7,Customs,2026-08-10
DLY-5591,SHP-1294,53.8,Customs,2026-06-14
DLY-5592,SHP-1185,36.3,Traffic,2026-07-04
DLY-5593,SHP-1250,34.4,Weather,2026-05-14
DLY-5594,SHP-1191,54.7,Customs,2026-07-28
DLY-5595,SHP-1071,4.7,Port Congestion,2026-07-11
DLY-5596,SHP-1383,13.7,Traffic,2026-06-13
DLY-5597,SHP-1195,37.1,Weather,2026-07-15
DLY-5598,SHP-1310,43.4,Traffic,2026-07-10
DLY-5599,SHP-1347,64.3,Traffic,2026-06-16
DLY-5600,SHP-1425,64.1,Customs,2026-07-16
DLY-5601,SHP-1213,29.3,Port Congestion,2026-07-27
DLY-5602,SHP-1345,69.6,Traffic,2026-07-19
DLY-5603,SHP-1258,26.7,Vehicle Breakdown,2026-06-05
DLY-5604,SHP-1531,24.4,Traffic,2026-05-24
DLY-5605,SHP-1473,30.1,Weather,2026-05-13
DLY-5606,SHP-1534,62.5,Customs,2026-07-16
DLY-5607,SHP-1155,49.3,Customs,2026-06-03
DLY-5608,SHP-1273,48.7,Customs,2026-06-15
DLY-5609,SHP-1330,51.4,Traffic,2026-07-19
DLY-5610,SHP-1298,65.2,Customs,2026-07-20
DLY-5611,SHP-1374,14.6,Vehicle Breakdown,2026-06-03
DLY-5612,SHP-1044,70.8,Port Congestion,2026-06-24
DLY-5613,SHP-1146,24.9,Port Congestion,2026-07-08
DLY-5614,SHP-1079,30.3,Customs,2026-06-08
DLY-5615,SHP-1368,48.8,Customs,2026-07-26
DLY-5616,SHP-1041,28.2,Customs,2026-06-25
DLY-5617,SHP-1116,18.5,Traffic,2026-07-06
DLY-5618,SHP-1344,40.5,Customs,2026-07-13
DLY-5619,SHP-1547,48.1,Weather,2026-05-23
DLY-5620,SHP-1470,32.3,Weather,2026-07-12
DLY-5621,SHP-1337,3.2,Customs,2026-08-10
DLY-5622,SHP-1419,42.5,Traffic,2026-08-04
DLY-5623,SHP-1265,38.2,Traffic,2026-06-14
DLY-5624,SHP-1519,26.9,Weather,2026-05-23
DLY-5625,SHP-1121,40.1,Traffic,2026-06-10
DLY-5626,SHP-1212,56.5,Port Congestion,2026-06-27
DLY-5627,SHP-1009,33.8,Vehicle Breakdown,2026-08-06
DLY-5628,SHP-1487,68.2,Customs,2026-06-29
DLY-5629,SHP-1404,35.9,Vehicle Breakdown,2026-07-23
DLY-5630,SHP-1249,28.4,Vehicle Breakdown,2026-08-07
DLY-5631,SHP-1537,13.5,Vehicle Breakdown,2026-06-12
DLY-5632,SHP-1018,71.6,Vehicle Breakdown,2026-06-12
DLY-5633,SHP-1470,30.5,Weather,2026-06-20
DLY-5634,SHP-1108,50.6,Weather,2026-08-02
DLY-5635,SHP-1305,36.5,Customs,2026-06-17
DLY-5636,SHP-1179,26.8,Traffic,2026-07-06
DLY-5637,SHP-1224,39.1,Customs,2026-05-13
DLY-5638,SHP-1152,21.5,Port Congestion,2026-05-19
DLY-5639,SHP-1430,40.1,Port Congestion,2026-06-13
DLY-5640,SHP-1419,6.4,Weather,2026-07-11
DLY-5641,SHP-1528,28.7,Port Congestion,2026-06-24
DLY-5642,SHP-1532,35.8,Weather,2026-05-21
DLY-5643,SHP-1340,3.0,Vehicle Breakdown,2026-05-16
DLY-5644,SHP-1340,3.3,Weather,2026-07-03
DLY-5645,SHP-1203,13.1,Weather,2026-05-24
DLY-5646,SHP-1190,68.2,Traffic,2026-07-09
DLY-5647,SHP-1049,63.5,Vehicle Breakdown,2026-07-05
DLY-5648,SHP-1335,67.5,Weather,2026-07-18
DLY-5649,SHP-1523,67.6,Vehicle Breakdown,2026-07-02
DLY-5650,SHP-1435,40.1,Port Congestion,2026-06-27
DLY-5651,SHP-1432,4.9,Customs,2026-05-26
DLY-5652,SHP-1205,50.9,Port Congestion,2026-07-11
DLY-5653,SHP-1412,69.1,Vehicle Breakdown,2026-06-27
DLY-5654,SHP-1499,59.5,Customs,2026-07-07
DLY-5655,SHP-1390,13.0,Vehicle Breakdown,2026-07-24
DLY-5656,SHP-1472,65.9,Port Congestion,2026-07-15
DLY-5657,SHP-1320,34.8,Port Congestion,2026-08-09
DLY-5658,SHP-1416,6.6,Port Congestion,2026-06-23
DLY-5659,SHP-1483,31.5,Vehicle Breakdown,2026-07-23
DLY-5660,SHP-1323,14.7,Weather,2026-07-31
DLY-5661,SHP-1369,69.7,Traffic,2026-07-26
DLY-5662,SHP-1249,19.3,Traffic,2026-07-25
DLY-5663,SHP-1225,54.4,Customs,2026-06-18
DLY-5664,SHP-1381,17.6,Customs,2026-08-01
DLY-5665,SHP-1120,40.8,Port Congestion,2026-05-19
DLY-5666,SHP-1378,19.5,Port Congestion,2026-05-20
DLY-5667,SHP-1003,57.6,Customs,2026-07-10
DLY-5668,SHP-1481,18.5,Vehicle Breakdown,2026-07-28
DLY-5669,SHP-1422,3.4,Port Congestion,2026-05-22
DLY-5670,SHP-1393,52.2,Weather,2026-07-04
DLY-5671,SHP-1343,69.9,Weather,2026-06-19
DLY-5672,SHP-1472,47.3,Port Congestion,2026-06-20
DLY-5673,SHP-1144,44.9,Customs,2026-05-19
DLY-5674,SHP-1251,35.6,Weather,2026-08-07
DLY-5675,SHP-1389,7.7,Traffic,2026-06-04
DLY-5676,SHP-1529,9.2,Traffic,2026-07-30
DLY-5677,SHP-1277,4.0,Weather,2026-06-30
DLY-5678,SHP-1211,45.3,Vehicle Breakdown,2026-06-04
DLY-5679,SHP-1336,16.5,Port Congestion,2026-07-23
DLY-5680,SHP-1390,52.9,Vehicle Breakdown,2026-06-03
DLY-5681,SHP-1106,2.6,Customs,2026-07-29
DLY-5682,SHP-1173,13.6,Traffic,2026-07-02
DLY-5683,SHP-1518,21.8,Vehicle Breakdown,2026-06-08
DLY-5684,SHP-1323,8.4,Port Congestion,2026-08-07
DLY-5685,SHP-1484,9.1,Port Congestion,2026-07-27
DLY-5686,SHP-1101,26.1,Traffic,2026-05-23
DLY-5687,SHP-1341,46.8,Vehicle Breakdown,2026-06-02
DLY-5688,SHP-1188,39.5,Traffic,2026-07-02
DLY-5689,SHP-1183,43.9,Port Congestion,2026-06-01
DLY-5690,SHP-1133,67.0,Traffic,2026-05-31
DLY-5691,SHP-1327,18.6,Port Congestion,2026-05-24
DLY-5692,SHP-1379,50.2,Port Congestion,2026-07-25
DLY-5693,SHP-1234,57.2,Traffic,2026-08-05
DLY-5694,SHP-1304,49.6,Traffic,2026-07-25
DLY-5695,SHP-1403,48.9,Port Congestion,2026-08-05
DLY-5696,SHP-1231,8.8,Vehicle Breakdown,2026-06-07
DLY-5697,SHP-1288,45.1,Port Congestion,2026-08-06
DLY-5698,SHP-1191,27.4,Weather,2026-07-11
DLY-5699,SHP-1014,19.4,Weather,2026-05-25
DLY-5700,SHP-1534,61.4,Customs,2026-07-21
DLY-5701,SHP-1419,55.4,Weather,2026-08-09
DLY-5702,SHP-1416,65.9,Traffic,2026-06-12
DLY-5703,SHP-1520,25.8,Port Congestion,2026-07-07
DLY-5704,SHP-1077,53.7,Traffic,2026-07-05
DLY-5705,SHP-1122,15.6,Customs,2026-05-18
DLY-5706,SHP-1116,12.9,Weather,2026-07-15
DLY-5707,SHP-1169,39.2,Vehicle Breakdown,2026-05-25
DLY-5708,SHP-1131,44.5,Vehicle Breakdown,2026-07-15
DLY-5709,SHP-1283,54.1,Vehicle Breakdown,2026-05-16
DLY-5710,SHP-1193,58.1,Traffic,2026-08-06
DLY-5711,SHP-1104,54.7,Vehicle Breakdown,2026-05-16
DLY-5712,SHP-1257,3.9,Traffic,2026-06-18
DLY-5713,SHP-1384,46.6,Weather,2026-08-03
DLY-5714,SHP-1192,67.3,Port Congestion,2026-06-25
DLY-5715,SHP-1313,25.3,Traffic,2026-05-30
DLY-5716,SHP-1322,51.2,Vehicle Breakdown,2026-07-15
DLY-5717,SHP-1475,37.0,Weather,2026-08-03
DLY-5718,SHP-1377,52.0,Traffic,2026-05-22
DLY-5719,SHP-1463,33.6,Traffic,2026-07-15
DLY-5720,SHP-1076,15.7,Port Congestion,2026-05-31
DLY-5721,SHP-1096,41.0,Vehicle Breakdown,2026-06-02
DLY-5722,SHP-1165,4.3,Vehicle Breakdown,2026-05-25
DLY-5723,SHP-1458,69.1,Port Congestion,2026-06-01
DLY-5724,SHP-1360,65.8,Weather,2026-08-03
DLY-5725,SHP-1252,51.8,Traffic,2026-06-03
DLY-5726,SHP-1422,56.4,Weather,2026-08-04
DLY-5727,SHP-1440,10.6,Port Congestion,2026-06-22
DLY-5728,SHP-1537,29.2,Weather,2026-07-21
DLY-5729,SHP-1242,9.7,Vehicle Breakdown,2026-07-16
DLY-5730,SHP-1502,37.8,Customs,2026-06-03
DLY-5731,SHP-1205,15.3,Traffic,2026-07-31
DLY-5732,SHP-1093,53.5,Port Congestion,2026-05-19
DLY-5733,SHP-1520,34.3,Traffic,2026-07-19
DLY-5734,SHP-1231,14.2,Customs,2026-08-06
DLY-5735,SHP-1279,29.8,Port Congestion,2026-05-20
DLY-5736,SHP-1315,17.7,Weather,2026-05-29
DLY-5737,SHP-1159,59.8,Port Congestion,2026-06-07
DLY-5738,SHP-1419,19.0,Port Congestion,2026-05-29
DLY-5739,SHP-1002,28.5,Port Congestion,2026-05-16
DLY-5740,SHP-1011,23.4,Vehicle Breakdown,2026-05-31
DLY-5741,SHP-1028,65.3,Vehicle Breakdown,2026-05-21
DLY-5742,SHP-1495,30.0,Port Congestion,2026-07-13
DLY-5743,SHP-1366,57.4,Traffic,2026-07-15
DLY-5744,SHP-1421,10.6,Vehicle Breakdown,2026-06-15
DLY-5745,SHP-1393,63.3,Port Congestion,2026-08-09
DLY-5746,SHP-1127,31.4,Weather,2026-07-10
DLY-5747,SHP-1009,19.1,Port Congestion,2026-07-28
DLY-5748,SHP-1063,42.9,Weather,2026-08-03
DLY-5749,SHP-1075,8.7,Weather,2026-07-12
DLY-5750,SHP-1030,25.6,Port Congestion,2026-05-30
DLY-5751,SHP-1484,12.9,Customs,2026-07-25
DLY-5752,SHP-1486,70.0,Port Congestion,2026-07-28
DLY-5753,SHP-1072,65.6,Vehicle Breakdown,2026-05-28
DLY-5754,SHP-1059,58.7,Vehicle Breakdown,2026-08-01
DLY-5755,SHP-1162,47.5,Customs,2026-05-23
DLY-5756,SHP-1332,21.7,Customs,2026-06-20
DLY-5757,SHP-1537,59.4,Vehicle Breakdown,2026-05-23
DLY-5758,SHP-1382,16.3,Vehicle Breakdown,2026-06-16
DLY-5759,SHP-1189,43.1,Traffic,2026-06-19
DLY-5760,SHP-1010,26.3,Vehicle Breakdown,2026-06-07
DLY-5761,SHP-1326,52.6,Traffic,2026-06-10
DLY-5762,SHP-1477,45.2,Customs,2026-08-04
DLY-5763,SHP-1230,67.6,Port Congestion,2026-06-04
DLY-5764,SHP-1474,63.0,Weather,2026-06-21
DLY-5765,SHP-1359,40.6,Vehicle Breakdown,2026-05-28
DLY-5766,SHP-1420,70.2,Weather,2026-08-01
DLY-5767,SHP-1021,67.2,Customs,2026-07-16
DLY-5768,SHP-1526,14.3,Customs,2026-06-19
DLY-5769,SHP-1449,70.3,Port Congestion,2026-06-22
DLY-5770,SHP-1455,59.1,Port Congestion,2026-05-17
DLY-5771,SHP-1169,12.1,Weather,2026-06-20
DLY-5772,SHP-1199,22.4,Port Congestion,2026-06-17
DLY-5773,SHP-1000,67.0,Customs,2026-06-26
DLY-5774,SHP-1078,69.0,Port Congestion,2026-06-01
DLY-5775,SHP-1001,49.6,Vehicle Breakdown,2026-06-25
DLY-5776,SHP-1395,7.5,Port Congestion,2026-06-24
DLY-5777,SHP-1134,58.8,Customs,2026-08-02
DLY-5778,SHP-1244,4.2,Traffic,2026-06-12
DLY-5779,SHP-1354,69.6,Port Congestion,2026-07-06
DLY-5780,SHP-1235,34.5,Weather,2026-06-20
DLY-5781,SHP-1279,69.4,Port Congestion,2026-07-16
DLY-5782,SHP-1173,40.1,Port Congestion,2026-07-11
DLY-5783,SHP-1520,25.8,Weather,2026-06-12
DLY-5784,SHP-1486,37.5,Weather,2026-06-22
DLY-5785,SHP-1083,67.5,Vehicle Breakdown,2026-06-16
DLY-5786,SHP-1494,40.9,Port Congestion,2026-06-17
DLY-5787,SHP-1129,34.2,Traffic,2026-06-18
DLY-5788,SHP-1277,48.3,Customs,2026-05-26
DLY-5789,SHP-1498,23.9,Customs,2026-08-02
DLY-5790,SHP-1450,13.1,Weather,2026-06-16
DLY-5791,SHP-1396,14.2,Vehicle Breakdown,2026-05-22
DLY-5792,SHP-1541,44.0,Port Congestion,2026-07-08
DLY-5793,SHP-1303,22.9,Customs,2026-06-23
DLY-5794,SHP-1172,25.5,Vehicle Breakdown,2026-07-22
DLY-5795,SHP-1453,16.4,Vehicle Breakdown,2026-07-14
DLY-5796,SHP-1470,28.6,Port Congestion,2026-05-29
DLY-5797,SHP-1412,51.0,Traffic,2026-07-04
DLY-5798,SHP-1349,61.6,Port Congestion,2026-08-10
DLY-5799,SHP-1121,67.2,Weather,2026-07-18
DLY-5800,SHP-1332,3.5,Traffic,2026-05-26
DLY-5801,SHP-1454,58.1,Port Congestion,2026-06-23
DLY-5802,SHP-1532,35.5,Vehicle Breakdown,2026-07-20
DLY-5803,SHP-1179,24.4,Customs,2026-07-24
DLY-5804,SHP-1449,57.1,Port Congestion,2026-06-09
DLY-5805,SHP-1227,17.3,Traffic,2026-07-23
DLY-5806,SHP-1360,7.5,Traffic,2026-06-05
DLY-5807,SHP-1488,54.4,Customs,2026-06-13
DLY-5808,SHP-1515,68.6,Traffic,2026-07-05
DLY-5809,SHP-1345,12.0,Weather,2026-06-04
DLY-5810,SHP-1097,62.5,Traffic,2026-06-17
DLY-5811,SHP-1128,31.9,Traffic,2026-07-08
DLY-5812,SHP-1039,20.7,Traffic,2026-07-17
DLY-5813,SHP-1432,65.9,Weather,2026-06-21
DLY-5814,SHP-1144,64.8,Port Congestion,2026-07-18
DLY-5815,SHP-1392,25.8,Traffic,2026-07-12
DLY-5816,SHP-1531,4.2,Traffic,2026-05-15
DLY-5817,SHP-1385,13.1,Weather,2026-06-22
DLY-5818,SHP-1419,49.9,Traffic,2026-07-14
DLY-5819,SHP-1271,14.1,Vehicle Breakdown,2026-07-10
DLY-5820,SHP-1472,20.8,Traffic,2026-06-22
DLY-5821,SHP-1158,63.0,Vehicle Breakdown,2026-06-12
DLY-5822,SHP-1031,20.4,Weather,2026-07-23
DLY-5823,SHP-1188,16.2,Customs,2026-06-18
DLY-5824,SHP-1320,11.8,Customs,2026-05-14
DLY-5825,SHP-1302,65.6,Customs,2026-05-17
DLY-5826,SHP-1029,26.7,Weather,2026-06-20
DLY-5827,SHP-1300,41.2,Customs,2026-07-09
DLY-5828,SHP-1331,54.8,Weather,2026-07-02
DLY-5829,SHP-1215,60.1,Port Congestion,2026-05-18
DLY-5830,SHP-1255,71.4,Vehicle Breakdown,2026-05-17
DLY-5831,SHP-1520,35.2,Port Congestion,2026-05-24
DLY-5832,SHP-1361,8.2,Vehicle Breakdown,2026-06-13
DLY-5833,SHP-1490,19.5,Customs,2026-08-10
DLY-5834,SHP-1150,60.2,Vehicle Breakdown,2026-07-11
DLY-5835,SHP-1453,2.7,Weather,2026-06-29
DLY-5836,SHP-1513,49.4,Traffic,2026-07-01
DLY-5837,SHP-1071,18.3,Customs,2026-06-20
DLY-5838,SHP-1481,3.5,Weather,2026-07-24
DLY-5839,SHP-1244,12.0,Customs,2026-08-09
DLY-5840,SHP-1262,21.7,Vehicle Breakdown,2026-06-07
DLY-5841,SHP-1480,34.0,Port Congestion,2026-07-05
DLY-5842,SHP-1258,12.2,Customs,2026-05-20
DLY-5843,SHP-1369,26.7,Weather,2026-08-07
DLY-5844,SHP-1096,60.1,Weather,2026-05-20
DLY-5845,SHP-1501,65.9,Weather,2026-07-17
DLY-5846,SHP-1249,69.3,Traffic,2026-06-02
DLY-5847,SHP-1450,22.0,Weather,2026-05-15
DLY-5848,SHP-1396,38.5,Port Congestion,2026-06-29
DLY-5849,SHP-1102,38.7,Port Congestion,2026-06-09
DLY-5850,SHP-1137,31.4,Customs,2026-05-30
DLY-5851,SHP-1081,18.3,Customs,2026-06-11
DLY-5852,SHP-1401,33.6,Traffic,2026-07-11
DLY-5853,SHP-1507,7.8,Port Congestion,2026-07-11
DLY-5854,SHP-1114,25.5,Vehicle Breakdown,2026-07-01
DLY-5855,SHP-1425,43.2,Customs,2026-06-20
DLY-5856,SHP-1050,3.5,Vehicle Breakdown,2026-05-17
DLY-5857,SHP-1191,12.6,Vehicle Breakdown,2026-07-29
DLY-5858,SHP-1544,2.0,Customs,2026-05-21
DLY-5859,SHP-1014,40.3,Customs,2026-05-28
DLY-5860,SHP-1533,24.2,Weather,2026-05-21
DLY-5861,SHP-1541,51.9,Weather,2026-05-26
DLY-5862,SHP-1114,66.8,Customs,2026-07-26
DLY-5863,SHP-1204,58.7,Vehicle Breakdown,2026-06-28
DLY-5864,SHP-1008,41.6,Traffic,2026-07-14
DLY-5865,SHP-1018,1.5,Weather,2026-07-06
DLY-5866,SHP-1111,40.7,Port Congestion,2026-06-10
DLY-5867,SHP-1084,56.9,Vehicle Breakdown,2026-07-22
DLY-5868,SHP-1092,49.2,Weather,2026-05-15
DLY-5869,SHP-1025,59.0,Traffic,2026-06-15
DLY-5870,SHP-1262,28.8,Vehicle Breakdown,2026-07-06
DLY-5871,SHP-1441,59.4,Customs,2026-07-10
DLY-5872,SHP-1369,29.7,Vehicle Breakdown,2026-07-15
DLY-5873,SHP-1451,15.8,Customs,2026-07-11
DLY-5874,SHP-1330,10.9,Vehicle Breakdown,2026-06-09
DLY-5875,SHP-1414,10.8,Weather,2026-05-15
DLY-5876,SHP-1012,26.6,Port Congestion,2026-06-13
DLY-5877,SHP-1275,71.7,Customs,2026-06-24
DLY-5878,SHP-1347,67.6,Vehicle Breakdown,2026-07-06
DLY-5879,SHP-1247,13.7,Customs,2026-06-28
DLY-5880,SHP-1102,64.5,Vehicle Breakdown,2026-07-26
DLY-5881,SHP-1082,64.8,Weather,2026-08-02
DLY-5882,SHP-1252,40.5,Port Congestion,2026-06-29
DLY-5883,SHP-1083,29.8,Weather,2026-06-08
DLY-5884,SHP-1333,71.0,Vehicle Breakdown,2026-05-26
DLY-5885,SHP-1210,68.6,Port Congestion,2026-07-22
DLY-5886,SHP-1510,13.0,Customs,2026-07-11
DLY-5887,SHP-1195,16.7,Port Congestion,2026-07-09
DLY-5888,SHP-1225,17.7,Customs,2026-07-08
DLY-5889,SHP-1004,45.6,Traffic,2026-07-09
DLY-5890,SHP-1262,50.4,Port Congestion,2026-07-05
DLY-5891,SHP-1030,6.9,Traffic,2026-05-24
DLY-5892,SHP-1314,17.8,Vehicle Breakdown,2026-05-27
DLY-5893,SHP-1001,12.2,Traffic,2026-07-21
DLY-5894,SHP-1289,31.2,Port Congestion,2026-07-21
DLY-5895,SHP-1445,52.6,Weather,2026-07-20
DLY-5896,SHP-1357,38.3,Traffic,2026-07-03
DLY-5897,SHP-1426,23.1,Traffic,2026-08-07
DLY-5898,SHP-1418,45.4,Port Congestion,2026-07-11
DLY-5899,SHP-1081,67.0,Weather,2026-05-15
DLY-5900,SHP-1395,24.1,Traffic,2026-06-27
DLY-5901,SHP-1017,11.8,Port Congestion,2026-05-27
DLY-5902,SHP-1346,52.8,Port Congestion,2026-06-22
DLY-5903,SHP-1193,24.6,Customs,2026-07-01
DLY-5904,SHP-1256,26.2,Port Congestion,2026-05-23
DLY-5905,SHP-1436,13.5,Vehicle Breakdown,2026-08-09
DLY-5906,SHP-1151,21.1,Vehicle Breakdown,2026-07-24
DLY-5907,SHP-1416,10.4,Traffic,2026-07-17
DLY-5908,SHP-1307,58.7,Vehicle Breakdown,2026-07-15
DLY-5909,SHP-1416,22.3,Port Congestion,2026-07-31
DLY-5910,SHP-1171,5.4,Customs,2026-08-03
DLY-5911,SHP-1145,22.5,Customs,2026-07-14
DLY-5912,SHP-1058,48.6,Weather,2026-07-12
DLY-5913,SHP-1276,71.2,Customs,2026-06-09
DLY-5914,SHP-1145,12.4,Vehicle Breakdown,2026-05-30
DLY-5915,SHP-1128,69.3,Vehicle Breakdown,2026-06-28
DLY-5916,SHP-1404,53.7,Vehicle Breakdown,2026-06-22
DLY-5917,SHP-1019,32.7,Customs,2026-05-20
DLY-5918,SHP-1390,35.5,Port Congestion,2026-05-30
DLY-5919,SHP-1313,20.9,Weather,2026-05-15
DLY-5920,SHP-1338,67.1,Weather,2026-06-06
DLY-5921,SHP-1526,7.1,Customs,2026-05-16
DLY-5922,SHP-1231,26.2,Vehicle Breakdown,2026-06-25
DLY-5923,SHP-1105,18.4,Weather,2026-05-29
DLY-5924,SHP-1057,49.3,Vehicle Breakdown,2026-06-03
DLY-5925,SHP-1332,22.7,Weather,2026-08-03
DLY-5926,SHP-1455,17.3,Weather,2026-05-24
DLY-5927,SHP-1445,50.5,Port Congestion,2026-07-02
DLY-5928,SHP-1224,58.7,Vehicle Breakdown,2026-07-02
DLY-5929,SHP-1489,29.6,Vehicle Breakdown,2026-06-29
DLY-5930,SHP-1074,12.6,Weather,2026-06-21
DLY-5931,SHP-1206,3.7,Traffic,2026-07-11
DLY-5932,SHP-1060,49.2,Weather,2026-07-22
DLY-5933,SHP-1045,44.8,Weather,2026-07-20
DLY-5934,SHP-1411,71.1,Vehicle Breakdown,2026-06-07
DLY-5935,SHP-1230,21.1,Vehicle Breakdown,2026-06-10
DLY-5936,SHP-1461,54.0,Weather,2026-05-17
DLY-5937,SHP-1052,39.4,Port Congestion,2026-06-17
DLY-5938,SHP-1428,4.1,Vehicle Breakdown,2026-05-17
DLY-5939,SHP-1296,21.1,Vehicle Breakdown,2026-07-19
DLY-5940,SHP-1401,22.8,Weather,2026-08-08
DLY-5941,SHP-1001,1.4,Vehicle Breakdown,2026-07-25
DLY-5942,SHP-1029,40.1,Traffic,2026-06-30
DLY-5943,SHP-1243,9.4,Customs,2026-07-10
DLY-5944,SHP-1535,38.6,Traffic,2026-06-26
DLY-5945,SHP-1320,25.1,Traffic,2026-06-01
DLY-5946,SHP-1321,7.8,Vehicle Breakdown,2026-05-15
DLY-5947,SHP-1429,21.0,Traffic,2026-07-07
DLY-5948,SHP-1173,44.9,Weather,2026-06-18
DLY-5949,SHP-1036,25.3,Port Congestion,2026-06-03
DLY-5950,SHP-1455,41.8,Traffic,2026-06-20
DLY-5951,SHP-1472,55.5,Traffic,2026-05-21
DLY-5952,SHP-1267,10.9,Vehicle Breakdown,2026-07-05
DLY-5953,SHP-1374,45.9,Port Congestion,2026-06-06
DLY-5954,SHP-1226,53.2,Traffic,2026-05-14
DLY-5955,SHP-1512,48.7,Port Congestion,2026-07-23
DLY-5956,SHP-1431,21.9,Customs,2026-07-19
DLY-5957,SHP-1095,61.3,Vehicle Breakdown,2026-07-25
DLY-5958,SHP-1284,35.9,Traffic,2026-05-30
DLY-5959,SHP-1500,12.8,Traffic,2026-08-04
DLY-5960,SHP-1314,26.8,Customs,2026-07-06
DLY-5961,SHP-1397,18.3,Weather,2026-07-25
DLY-5962,SHP-1247,1.5,Vehicle Breakdown,2026-05-26
DLY-5963,SHP-1217,44.1,Weather,2026-06-28
DLY-5964,SHP-1112,24.4,Vehicle Breakdown,2026-07-20
DLY-5965,SHP-1059,58.1,Port Congestion,2026-07-06
DLY-5966,SHP-1363,26.6,Customs,2026-07-02
DLY-5967,SHP-1013,39.2,Traffic,2026-05-18
DLY-5968,SHP-1004,51.5,Traffic,2026-06-22
DLY-5969,SHP-1370,38.7,Traffic,2026-07-22
DLY-5970,SHP-1114,10.1,Traffic,2026-07-10
DLY-5971,SHP-1522,43.9,Vehicle Breakdown,2026-07-22
DLY-5972,SHP-1400,46.3,Traffic,2026-06-28
DLY-5973,SHP-1288,39.0,Port Congestion,2026-08-08
DLY-5974,SHP-1367,34.0,Customs,2026-07-24
DLY-5975,SHP-1522,32.8,Customs,2026-07-06
DLY-5976,SHP-1028,39.6,Traffic,2026-05-24
DLY-5977,SHP-1208,45.2,Weather,2026-05-31
DLY-5978,SHP-1336,7.3,Port Congestion,2026-06-04
DLY-5979,SHP-1153,13.8,Traffic,2026-05-30
DLY-5980,SHP-1067,56.8,Customs,2026-06-07
DLY-5981,SHP-1034,45.3,Vehicle Breakdown,2026-06-13
DLY-5982,SHP-1067,60.0,Weather,2026-07-03
DLY-5983,SHP-1463,39.9,Port Congestion,2026-07-13
DLY-5984,SHP-1491,54.5,Vehicle Breakdown,2026-08-07
DLY-5985,SHP-1280,35.0,Vehicle Breakdown,2026-07-05
DLY-5986,SHP-1186,53.6,Vehicle Breakdown,2026-07-02
DLY-5987,SHP-1233,60.5,Customs,2026-06-25
DLY-5988,SHP-1236,55.4,Customs,2026-06-11
DLY-5989,SHP-1231,57.0,Weather,2026-06-02
DLY-5990,SHP-1028,19.4,Weather,2026-06-13
DLY-5991,SHP-1506,49.2,Traffic,2026-07-30
DLY-5992,SHP-1081,37.0,Vehicle Breakdown,2026-05-17
DLY-5993,SHP-1017,54.2,Traffic,2026-07-08
DLY-5994,SHP-1168,37.1,Port Congestion,2026-05-27
DLY-5995,SHP-1521,52.8,Port Congestion,2026-06-10
DLY-5996,SHP-1109,33.5,Vehicle Breakdown,2026-07-31
DLY-5997,SHP-1447,51.4,Traffic,2026-07-10
DLY-5998,SHP-1208,5.5,Traffic,2026-05-30
DLY-5999,SHP-1500,2.9,Customs,2026-06-26
DLY-6000,SHP-1515,26.9,Vehicle Breakdown,2026-07-20
DLY-6001,SHP-1541,32.1,Port Congestion,2026-06-11
DLY-6002,SHP-1363,62.8,Port Congestion,2026-07-19
DLY-6003,SHP-1160,3.6,Weather,2026-08-07
DLY-6004,SHP-1374,54.8,Traffic,2026-06-09
DLY-6005,SHP-1361,2.3,Weather,2026-08-03
DLY-6006,SHP-1242,26.7,Vehicle Breakdown,2026-07-14
DLY-6007,SHP-1147,69.5,Port Congestion,2026-07-25
DLY-6008,SHP-1213,70.7,Vehicle Breakdown,2026-05-15
DLY-6009,SHP-1314,11.9,Customs,2026-07-20
DLY-6010,SHP-1037,69.0,Traffic,2026-05-17
DLY-6011,SHP-1184,35.7,Weather,2026-07-11
DLY-6012,SHP-1217,43.2,Traffic,2026-05-23
DLY-6013,SHP-1407,23.6,Customs,2026-06-15
DLY-6014,SHP-1484,71.0,Traffic,2026-06-30
DLY-6015,SHP-1412,63.6,Vehicle Breakdown,2026-05-14
DLY-6016,SHP-1369,6.5,Weather,2026-07-30
DLY-6017,SHP-1128,57.5,Traffic,2026-06-16
DLY-6018,SHP-1535,5.9,Traffic,2026-06-02
DLY-6019,SHP-1455,54.4,Traffic,2026-07-02
DLY-6020,SHP-1235,2.7,Traffic,2026-06-04
DLY-6021,SHP-1120,55.8,Traffic,2026-06-11
DLY-6022,SHP-1489,56.4,Port Congestion,2026-08-08
DLY-6023,SHP-1303,41.1,Customs,2026-05-27
DLY-6024,SHP-1334,46.0,Traffic,2026-07-09
DLY-6025,SHP-1220,19.4,Port Congestion,2026-07-18
DLY-6026,SHP-1394,48.5,Customs,2026-05-13
DLY-6027,SHP-1481,24.0,Traffic,2026-08-08
DLY-6028,SHP-1414,21.8,Weather,2026-06-06
DLY-6029,SHP-1509,20.0,Vehicle Breakdown,2026-06-19
DLY-6030,SHP-1301,44.9,Weather,2026-08-01
DLY-6031,SHP-1482,11.2,Port Congestion,2026-05-24
DLY-6032,SHP-1081,60.2,Vehicle Breakdown,2026-07-20
DLY-6033,SHP-1083,62.3,Traffic,2026-07-25
DLY-6034,SHP-1449,52.9,Weather,2026-06-30
DLY-6035,SHP-1482,28.2,Port Congestion,2026-06-06
DLY-6036,SHP-1393,46.8,Customs,2026-06-21
DLY-6037,SHP-1176,37.5,Port Congestion,2026-05-13
DLY-6038,SHP-1253,15.3,Weather,2026-05-28
DLY-6039,SHP-1141,60.3,Customs,2026-05-25
DLY-6040,SHP-1027,48.2,Vehicle Breakdown,2026-06-01
DLY-6041,SHP-1254,10.6,Weather,2026-06-26
DLY-6042,SHP-1531,44.6,Customs,2026-07-11
DLY-6043,SHP-1386,61.7,Vehicle Breakdown,2026-08-08
DLY-6044,SHP-1174,59.3,Vehicle Breakdown,2026-07-22
DLY-6045,SHP-1420,19.7,Weather,2026-07-29
DLY-6046,SHP-1035,66.5,Vehicle Breakdown,2026-07-26
DLY-6047,SHP-1339,44.8,Port Congestion,2026-06-18
DLY-6048,SHP-1170,51.2,Port Congestion,2026-07-29
DLY-6049,SHP-1355,34.3,Weather,2026-06-29
DLY-6050,SHP-1174,21.8,Traffic,2026-05-25
DLY-6051,SHP-1255,63.7,Weather,2026-06-13
DLY-6052,SHP-1031,70.1,Vehicle Breakdown,2026-07-18
DLY-6053,SHP-1424,27.6,Weather,2026-05-31
DLY-6054,SHP-1283,26.9,Traffic,2026-07-30
DLY-6055,SHP-1027,62.4,Customs,2026-05-21
DLY-6056,SHP-1005,60.1,Port Congestion,2026-08-10
DLY-6057,SHP-1370,23.5,Customs,2026-05-25
DLY-6058,SHP-1236,51.9,Port Congestion,2026-07-20
DLY-6059,SHP-1435,4.9,Port Congestion,2026-07-24
DLY-6060,SHP-1240,9.0,Port Congestion,2026-05-17
DLY-6061,SHP-1445,13.3,Vehicle Breakdown,2026-08-10
DLY-6062,SHP-1472,9.9,Weather,2026-08-04
DLY-6063,SHP-1420,25.6,Port Congestion,2026-07-14
DLY-6064,SHP-1269,44.2,Traffic,2026-06-21
DLY-6065,SHP-1403,21.1,Port Congestion,2026-06-24
DLY-6066,SHP-1258,60.7,Vehicle Breakdown,2026-06-15
DLY-6067,SHP-1102,17.9,Weather,2026-07-03
DLY-6068,SHP-1354,39.8,Customs,2026-07-17
DLY-6069,SHP-1391,41.3,Vehicle Breakdown,2026-07-16
DLY-6070,SHP-1500,26.6,Traffic,2026-08-03
DLY-6071,SHP-1014,23.9,Port Congestion,2026-06-26
DLY-6072,SHP-1198,22.3,Weather,2026-07-16
DLY-6073,SHP-1137,70.6,Port Congestion,2026-07-14
DLY-6074,SHP-1325,52.3,Traffic,2026-07-07
DLY-6075,SHP-1202,30.6,Customs,2026-06-15
DLY-6076,SHP-1389,64.5,Customs,2026-06-25
DLY-6077,SHP-1337,3.1,Traffic,2026-05-31
DLY-6078,SHP-1193,27.7,Weather,2026-07-17
DLY-6079,SHP-1235,37.1,Port Congestion,2026-08-08
DLY-6080,SHP-1412,30.8,Port Congestion,2026-05-28
DLY-6081,SHP-1421,55.2,Vehicle Breakdown,2026-08-09
DLY-6082,SHP-1415,9.3,Vehicle Breakdown,2026-05-13
DLY-6083,SHP-1260,68.7,Port Congestion,2026-07-25
DLY-6084,SHP-1466,19.6,Customs,2026-07-13
DLY-6085,SHP-1035,10.6,Traffic,2026-08-10
DLY-6086,SHP-1293,62.9,Traffic,2026-05-21
DLY-6087,SHP-1525,34.9,Traffic,2026-06-09
DLY-6088,SHP-1164,45.4,Weather,2026-08-08
DLY-6089,SHP-1125,3.1,Traffic,2026-07-16
DLY-6090,SHP-1011,29.2,Vehicle Breakdown,2026-06-08
DLY-6091,SHP-1329,6.5,Port Congestion,2026-06-10
DLY-6092,SHP-1155,3.4,Port Congestion,2026-07-17
DLY-6093,SHP-1160,58.2,Traffic,2026-07-29
DLY-6094,SHP-1102,68.5,Vehicle Breakdown,2026-06-14
DLY-6095,SHP-1069,8.1,Vehicle Breakdown,2026-06-28
DLY-6096,SHP-1182,68.7,Weather,2026-08-10
DLY-6097,SHP-1261,57.0,Port Congestion,2026-06-19
DLY-6098,SHP-1259,71.7,Traffic,2026-07-12
DLY-6099,SHP-1349,64.1,Weather,2026-07-31
